,Audio__has_duplicate_max,Audio__has_duplicate_min,Audio__mean_abs_change,Audio__mean_change,Audio__mean_second_derivative_central,Audio__mean,Audio__length,Audio__standard_deviation,Audio__variation_coefficient,Audio__variance,Audio__skewness,Audio__kurtosis,Audio__root_mean_square,Audio__longest_strike_below_mean,Audio__longest_strike_above_mean,Audio__count_above_mean,Audio__last_location_of_maximum,Audio__first_location_of_maximum,Audio__last_location_of_minimum,Audio__first_location_of_minimum,Audio__percentage_of_reoccurring_values_to_all_values,Audio__percentage_of_reoccurring_datapoints_to_all_datapoints,Audio__sum_of_reoccurring_values,Audio__ratio_value_number_to_time_series_length,Audio__maximum,Audio__absolute_maximum,Audio__minimum,Audio__benford_correlation,Audio__time_reversal_asymmetry_statistic__lag_1,Audio__time_reversal_asymmetry_statistic__lag_2,Audio__time_reversal_asymmetry_statistic__lag_3,Audio__c3__lag_1,Audio__c3__lag_2,Audio__c3__lag_3,Audio__cid_ce__normalize_False,Audio__large_standard_deviation__r_0.15000000000000002,Audio__large_standard_deviation__r_0.2,Audio__large_standard_deviation__r_0.25,Audio__quantile__q_0.1,Audio__quantile__q_0.2,Audio__quantile__q_0.3,Audio__quantile__q_0.4,Audio__quantile__q_0.7,Audio__quantile__q_0.8,Audio__quantile__q_0.9,Audio__binned_entropy__max_bins_10,Audio__index_mass_quantile__q_0.1,Audio__index_mass_quantile__q_0.2,Audio__index_mass_quantile__q_0.3,Audio__index_mass_quantile__q_0.4,Audio__index_mass_quantile__q_0.6,Audio__index_mass_quantile__q_0.7,Audio__index_mass_quantile__q_0.8,Audio__index_mass_quantile__q_0.9,Audio__spkt_welch_density__coeff_2,Audio__spkt_welch_density__coeff_5,"Audio__fft_aggregated__aggtype_""centroid""","Audio__fft_aggregated__aggtype_""variance""","Audio__fft_aggregated__aggtype_""skew""","Audio__fft_aggregated__aggtype_""kurtosis""",Audio__range_count__max_1__min_-1,Audio__range_count__max_1000000000000.0__min_0,"Audio__linear_trend__attr_""pvalue""","Audio__linear_trend__attr_""rvalue""","Audio__linear_trend__attr_""slope""","Audio__linear_trend__attr_""stderr""","Audio__agg_linear_trend__attr_""rvalue""__chunk_len_5__f_agg_""max""","Audio__agg_linear_trend__attr_""rvalue""__chunk_len_5__f_agg_""min""","Audio__agg_linear_trend__attr_""rvalue""__chunk_len_5__f_agg_""mean""","Audio__agg_linear_trend__attr_""rvalue""__chunk_len_5__f_agg_""var""","Audio__agg_linear_trend__attr_""rvalue""__chunk_len_10__f_agg_""min""","Audio__agg_linear_trend__attr_""rvalue""__chunk_len_50__f_agg_""min""","Audio__agg_linear_trend__attr_""rvalue""__chunk_len_50__f_agg_""mean""","Audio__agg_linear_trend__attr_""rvalue""__chunk_len_50__f_agg_""var""","Audio__agg_linear_trend__attr_""intercept""__chunk_len_5__f_agg_""min""","Audio__agg_linear_trend__attr_""intercept""__chunk_len_5__f_agg_""mean""","Audio__agg_linear_trend__attr_""intercept""__chunk_len_5__f_agg_""var""","Audio__agg_linear_trend__attr_""intercept""__chunk_len_10__f_agg_""min""","Audio__agg_linear_trend__attr_""intercept""__chunk_len_10__f_agg_""mean""","Audio__agg_linear_trend__attr_""intercept""__chunk_len_10__f_agg_""var""","Audio__agg_linear_trend__attr_""intercept""__chunk_len_50__f_agg_""max""","Audio__agg_linear_trend__attr_""intercept""__chunk_len_50__f_agg_""mean""","Audio__agg_linear_trend__attr_""slope""__chunk_len_5__f_agg_""max""","Audio__agg_linear_trend__attr_""slope""__chunk_len_5__f_agg_""min""","Audio__agg_linear_trend__attr_""slope""__chunk_len_5__f_agg_""mean""","Audio__agg_linear_trend__attr_""slope""__chunk_len_5__f_agg_""var""","Audio__agg_linear_trend__attr_""slope""__chunk_len_10__f_agg_""max""","Audio__agg_linear_trend__attr_""slope""__chunk_len_10__f_agg_""mean""","Audio__agg_linear_trend__attr_""slope""__chunk_len_10__f_agg_""var""","Audio__agg_linear_trend__attr_""slope""__chunk_len_50__f_agg_""max""","Audio__agg_linear_trend__attr_""slope""__chunk_len_50__f_agg_""mean""","Audio__agg_linear_trend__attr_""slope""__chunk_len_50__f_agg_""var""","Audio__agg_linear_trend__attr_""stderr""__chunk_len_5__f_agg_""max""","Audio__agg_linear_trend__attr_""stderr""__chunk_len_5__f_agg_""min""","Audio__agg_linear_trend__attr_""stderr""__chunk_len_5__f_agg_""mean""","Audio__agg_linear_trend__attr_""stderr""__chunk_len_5__f_agg_""var""","Audio__agg_linear_trend__attr_""stderr""__chunk_len_10__f_agg_""max""","Audio__agg_linear_trend__attr_""stderr""__chunk_len_10__f_agg_""min""","Audio__agg_linear_trend__attr_""stderr""__chunk_len_10__f_agg_""mean""","Audio__agg_linear_trend__attr_""stderr""__chunk_len_10__f_agg_""var""","Audio__agg_linear_trend__attr_""stderr""__chunk_len_50__f_agg_""max""","Audio__agg_linear_trend__attr_""stderr""__chunk_len_50__f_agg_""min""","Audio__agg_linear_trend__attr_""stderr""__chunk_len_50__f_agg_""mean""","Audio__agg_linear_trend__attr_""stderr""__chunk_len_50__f_agg_""var""",Audio__number_crossing_m__m_1,Audio__energy_ratio_by_chunks__num_segments_10__segment_focus_0,Audio__energy_ratio_by_chunks__num_segments_10__segment_focus_1,Audio__energy_ratio_by_chunks__num_segments_10__segment_focus_2,Audio__energy_ratio_by_chunks__num_segments_10__segment_focus_4,Audio__energy_ratio_by_chunks__num_segments_10__segment_focus_5,Audio__ratio_beyond_r_sigma__r_1,Audio__ratio_beyond_r_sigma__r_1.5,Audio__ratio_beyond_r_sigma__r_2,Audio__ratio_beyond_r_sigma__r_2.5,Audio__ratio_beyond_r_sigma__r_3,Audio__ratio_beyond_r_sigma__r_5,Audio__lempel_ziv_complexity__bins_2,Audio__lempel_ziv_complexity__bins_5,Audio__lempel_ziv_complexity__bins_10,Audio__fourier_entropy__bins_2,Audio__fourier_entropy__bins_5,Audio__fourier_entropy__bins_10,Audio__fourier_entropy__bins_100,Audio__permutation_entropy__dimension_4__tau_1,Audio__permutation_entropy__dimension_7__tau_1,Audio__mean_n_absolute_max__number_of_maxima_7,Voltage__has_duplicate_max,Voltage__has_duplicate_min,Voltage__sum_values,Voltage__abs_energy,Voltage__mean_abs_change,Voltage__mean_change,Voltage__mean_second_derivative_central,Voltage__standard_deviation,Voltage__variation_coefficient,Voltage__skewness,Voltage__kurtosis,Voltage__root_mean_square,Voltage__count_below_mean,Voltage__first_location_of_maximum,Voltage__first_location_of_minimum,Voltage__percentage_of_reoccurring_values_to_all_values,Voltage__percentage_of_reoccurring_datapoints_to_all_datapoints,Voltage__sum_of_reoccurring_values,Voltage__minimum,Voltage__time_reversal_asymmetry_statistic__lag_2,Voltage__time_reversal_asymmetry_statistic__lag_3,Voltage__c3__lag_1,Voltage__cid_ce__normalize_True,Voltage__cid_ce__normalize_False,Voltage__large_standard_deviation__r_0.05,Voltage__quantile__q_0.1,Voltage__quantile__q_0.2,Voltage__quantile__q_0.3,Voltage__number_peaks__n_1,Voltage__number_peaks__n_3,Voltage__number_peaks__n_5,Voltage__index_mass_quantile__q_0.1,Voltage__index_mass_quantile__q_0.4,Voltage__index_mass_quantile__q_0.6,Voltage__index_mass_quantile__q_0.8,Voltage__index_mass_quantile__q_0.9,Voltage__spkt_welch_density__coeff_2,Voltage__spkt_welch_density__coeff_5,"Voltage__fft_aggregated__aggtype_""centroid""","Voltage__fft_aggregated__aggtype_""variance""","Voltage__linear_trend__attr_""slope""","Voltage__agg_linear_trend__attr_""rvalue""__chunk_len_5__f_agg_""min""","Voltage__agg_linear_trend__attr_""rvalue""__chunk_len_5__f_agg_""mean""","Voltage__agg_linear_trend__attr_""rvalue""__chunk_len_5__f_agg_""var""","Voltage__agg_linear_trend__attr_""rvalue""__chunk_len_10__f_agg_""mean""","Voltage__agg_linear_trend__attr_""rvalue""__chunk_len_10__f_agg_""var""","Voltage__agg_linear_trend__attr_""rvalue""__chunk_len_50__f_agg_""var""","Voltage__agg_linear_trend__attr_""intercept""__chunk_len_10__f_agg_""max""","Voltage__agg_linear_trend__attr_""intercept""__chunk_len_10__f_agg_""var""","Voltage__agg_linear_trend__attr_""intercept""__chunk_len_50__f_agg_""mean""","Voltage__agg_linear_trend__attr_""intercept""__chunk_len_50__f_agg_""var""","Voltage__agg_linear_trend__attr_""slope""__chunk_len_5__f_agg_""max""","Voltage__agg_linear_trend__attr_""slope""__chunk_len_5__f_agg_""mean""","Voltage__agg_linear_trend__attr_""slope""__chunk_len_10__f_agg_""var""","Voltage__agg_linear_trend__attr_""stderr""__chunk_len_5__f_agg_""min""","Voltage__agg_linear_trend__attr_""stderr""__chunk_len_5__f_agg_""var""","Voltage__agg_linear_trend__attr_""stderr""__chunk_len_50__f_agg_""min""","Voltage__agg_linear_trend__attr_""stderr""__chunk_len_50__f_agg_""mean""","Voltage__agg_linear_trend__attr_""stderr""__chunk_len_50__f_agg_""var""",Voltage__energy_ratio_by_chunks__num_segments_10__segment_focus_5,Voltage__energy_ratio_by_chunks__num_segments_10__segment_focus_6,Voltage__ratio_beyond_r_sigma__r_2,Voltage__ratio_beyond_r_sigma__r_2.5,Voltage__lempel_ziv_complexity__bins_3,Voltage__lempel_ziv_complexity__bins_5,Voltage__lempel_ziv_complexity__bins_100,Voltage__fourier_entropy__bins_100,Voltage__permutation_entropy__dimension_3__tau_1,Voltage__permutation_entropy__dimension_4__tau_1,Voltage__permutation_entropy__dimension_5__tau_1,Voltage__permutation_entropy__dimension_7__tau_1,Voltage__mean_n_absolute_max__number_of_maxima_7,Current__has_duplicate_min,Current__abs_energy,Current__mean_change,Current__median,Current__variation_coefficient,Current__variance,Current__skewness,Current__kurtosis,Current__root_mean_square,Current__absolute_sum_of_changes,Current__longest_strike_above_mean,Current__count_above_mean,Current__time_reversal_asymmetry_statistic__lag_1,Current__c3__lag_2,Current__c3__lag_3,Current__cid_ce__normalize_True,Current__large_standard_deviation__r_0.1,Current__large_standard_deviation__r_0.15000000000000002,Current__quantile__q_0.8,Current__number_peaks__n_3,Current__index_mass_quantile__q_0.1,Current__index_mass_quantile__q_0.6,Current__index_mass_quantile__q_0.8,Current__spkt_welch_density__coeff_8,"Current__linear_trend__attr_""pvalue""","Current__linear_trend__attr_""rvalue""","Current__linear_trend__attr_""slope""","Current__agg_linear_trend__attr_""rvalue""__chunk_len_5__f_agg_""mean""","Current__agg_linear_trend__attr_""rvalue""__chunk_len_10__f_agg_""max""","Current__agg_linear_trend__attr_""rvalue""__chunk_len_10__f_agg_""mean""","Current__agg_linear_trend__attr_""rvalue""__chunk_len_50__f_agg_""mean""","Current__agg_linear_trend__attr_""rvalue""__chunk_len_50__f_agg_""var""","Current__agg_linear_trend__attr_""intercept""__chunk_len_10__f_agg_""min""","Current__agg_linear_trend__attr_""intercept""__chunk_len_50__f_agg_""max""","Current__agg_linear_trend__attr_""slope""__chunk_len_5__f_agg_""var""","Current__agg_linear_trend__attr_""slope""__chunk_len_50__f_agg_""max""","Current__agg_linear_trend__attr_""slope""__chunk_len_50__f_agg_""mean""","Current__agg_linear_trend__attr_""stderr""__chunk_len_5__f_agg_""min""","Current__agg_linear_trend__attr_""stderr""__chunk_len_10__f_agg_""max""","Current__agg_linear_trend__attr_""stderr""__chunk_len_10__f_agg_""var""","Current__agg_linear_trend__attr_""stderr""__chunk_len_50__f_agg_""min""",Current__energy_ratio_by_chunks__num_segments_10__segment_focus_9,Current__lempel_ziv_complexity__bins_3,Current__lempel_ziv_complexity__bins_100,Current__fourier_entropy__bins_2,Current__fourier_entropy__bins_3,Current__fourier_entropy__bins_10,Current__fourier_entropy__bins_100,Current__mean_n_absolute_max__number_of_maxima_7
0,1.0,1.0,0.0408819681549006,1.257782254013851e-08,0.0,1.7543467010823648,388224.0,0.446563310722021,0.2545467839660818,0.1994187904830123,-0.071487682867462,0.9427953390256234,1.8102903463482285,3084.0,68.0,169756.0,0.7914142350807781,0.5360410484668645,0.8825317342565117,0.1380929566435872,1.0,1.0,847.80762,0.0012441271018793,2.988281,2.988281,0.522461,0.9418526762339398,-2.653708316957551e-06,-1.125461660876355e-05,-2.6226592294445988e-05,6.423372000748951,6.370752036920287,6.294789464949079,38.47592806491289,1.0,0.0,0.0,1.191406,1.464844,1.625977,1.743164,1.889648,2.050781,2.319336,1.929629253070297,0.1000659413122321,0.20008809347181,0.300107669798879,0.400132397790966,0.6000504863171777,0.7000082426640291,0.7999350890207715,0.8999237553577316,4.984602535599778,5.946975279904406,15673.8687221351,589630325.7478834,4.399646038818541,25.909516995924225,22860.0,388224.0,0.7580056860482371,0.0004944847570608,1.9703536856914023e-09,6.395156216379635e-09,0.048438469278672,-0.0475413069125872,0.0005034525704185,0.1876624797150059,-0.1014086357560935,-0.3351615801137001,0.0012510329715058,0.2770485495781855,1.7116182080966302,1.753964246222089,0.0023834362017781,1.665441084805978,1.7539642939582247,0.0087631693620596,2.0404165164848376,1.7539652285837457,9.482656127206728e-07,-9.390075092048286e-07,9.851404129124657e-09,1.2030184832388e-07,3.894892378871505e-06,1.969940906549516e-08,8.109072298904147e-07,5.764630775604864e-05,9.824256212539788e-08,2.579742904964608e-05,7.017434210072549e-08,7.08036177575186e-08,7.022445282880716e-08,2.2597399847536e-09,1.9092605317526925e-07,1.9435909805715885e-07,1.893991117647804e-07,2.0077972602622127e-08,1.8764716602983448e-06,1.9538341169544383e-06,8.91283345473906e-07,1.015462812226005e-06,4186.0,0.0937951363510052,0.0948097914260637,0.0960471557209952,0.1037188282685498,0.1043472910522579,0.2705165059347181,0.1484452274975272,0.0745317136498516,0.0355413369601055,0.0,0.0,0.030827563468513,0.0403426887570062,0.0701167367293109,0.0799825257464707,0.1900678666705961,0.2499576413147951,0.6959050857521174,1.809638439869676,3.715303952570478,2.981306,0.0,0.0,7318594.543525999,138158335.54551706,0.0624238562346898,-5.923167870012848e-07,1.5586442808494526e-08,0.7033275940736853,0.0373088917903233,-0.1191750133378454,4.115991763302846,18.86458936994709,229652.0,0.1661669551599076,0.1670066765578635,0.9211563731931668,0.999845450049456,13532.78764,11.279703,-0.0343547754315796,-0.0293706075507262,6724.066991306105,286.58247743288524,201.56136435654776,1.0,18.299261,18.359774,18.408186,21428.0,15105.0,12278.0,0.0952877720079129,0.39208807286515,0.5963361358391032,0.8014883160237388,0.9035273450379162,0.2244461449495645,0.0571655437450722,66793.90286844695,4108324791.986976,-2.17936228464353e-06,-0.2618312370511191,-0.3655933760697002,-0.1532779996920004,-0.3713751066456147,-0.2347610783529615,-0.3059249100770383,19.703416840922102,0.1629231889202988,19.27430827342653,0.1758195474201985,-1.4570348117210804e-05,-1.0896586696720176e-05,-5.187276272341577e-06,1.0356021905893474e-07,4.710240225059479e-08,3.69018983051577e-06,3.0687485094224294e-06,9.833433862142722e-07,0.0957273003007861,0.095060414618662,0.021013641608968,0.015473025881965,0.0049533259149357,0.0098087701945268,0.0483148903725684,1.879410655336367,1.375622332115957,2.190141699553837,3.007069809017928,4.674164086111345,25.05083042857143,0.0,12275246.238743393,-1.8865961058463814e-07,5.797831,0.791528019012567,12.17928847853124,1.1849853214769814,5.786437822987599,5.623075521327894,151835.962976,22116.0,235016.0,2.4273241162256878,270.47728054018285,263.4930341783078,205.13717644147383,1.0,0.0,6.676737,27532.0,0.262085806132542,0.6212186778766897,0.760429545829212,1.8106565883895904,0.0,0.2063652393648822,6.426222335482901e-06,0.2166852615305439,-0.0733902253592044,0.2259708789448526,0.2290296940372865,-0.3755145862398837,1.6273515617943533,7.102201755037187,-4.6834811284366746e-05,-0.0001933072353641,0.0003210441773013,5.229560971518651e-07,1.5909184272198357e-06,2.1881376264431496e-06,1.5610481785887435e-05,0.0009016357247989,0.0045489202110121,0.1227229640619848,0.0799825257464707,0.0799825257464707,0.1704673537887455,0.8064783479331409,32.217335428571424
1,0.0,1.0,0.0425831125121887,-9.560657740670953e-08,-1.9120215540535294e-08,1.7535275810972744,255360.0,0.4648115371870642,0.2650722704322718,0.2160497651022015,-0.0632881163713389,0.9735334589321494,1.8140862004797516,9326.0,569.0,110931.0,0.7410126879699248,0.7410087719298246,0.8806704260651629,0.2066925125313283,0.9958677685950412,0.9999921679197996,844.819339,0.0018953634085213,3.017578,3.017578,0.522461,0.9419022755814292,2.7746281298430965e-05,7.848149829878942e-05,0.000136749126413,6.498224289531683,6.434211080812178,6.343375216913607,34.87833143792444,1.0,0.0,0.0,1.162109,1.459961,1.665039,1.733398,1.860352,2.055664,2.338867,1.9142432364488249,0.1,0.2000039160401002,0.3000039160401002,0.3999765037593984,0.5998237781954887,0.6997415413533835,0.7996788847117795,0.8995653195488722,6.542975566119596,7.00647966129035,10926.446369513527,280916024.61995745,4.044824586256231,22.44207962840733,16721.0,255360.0,0.4370631332800985,-0.001537931716288,-9.697319528631062e-09,1.2477839781134169e-08,0.0227427665701664,-0.0257755651380105,-0.0015696730238238,0.0965155069064669,-0.0559960981090023,-0.1887526431243973,-0.003721119168725,0.1990206621091322,1.691540453076023,1.754765711057061,0.0050824951750239,1.625707465041924,1.754765691263941,0.0171822315801321,2.1284803397489163,1.7547649365336264,7.043205014915731e-07,-8.061907530136203e-07,-4.8486615096099067e-08,1.3967832621179244e-07,3.205352773861009e-06,-9.697357874811388e-08,9.61125548227247e-07,5.3790881215790725e-05,-4.846089789517486e-07,3.076135485480388e-05,1.3700353165789977e-07,1.383573933369788e-07,1.366876283019265e-07,6.3740686659184085e-09,3.7567592901572346e-07,3.8089664338558795e-07,3.667155444467037e-07,5.270538652229333e-08,3.940020985837379e-06,4.054857916621373e-06,1.822529077737149e-06,2.1197804271834456e-06,3146.0,0.0935141133717688,0.0938654197130897,0.0978220503465827,0.1032543166933312,0.1045379150877038,0.2725524749373433,0.1503093671679198,0.0788220551378446,0.0442864974937343,0.0,0.0,0.0272517230576441,0.0424342105263157,0.0681234335839599,0.0799825257464707,0.2048705217472197,0.2607041092304531,0.7281444894990917,1.9182700729065667,3.9893121510144254,2.986188857142857,0.0,0.0,4568697.165265,81947746.92000006,0.0171179854596861,-4.2654850622065706e-07,-2.370006030749141e-08,0.9030940842713252,0.0504769953046667,-2.342532753928438,11.91136782524049,17.91397954291313,136440.0,0.1927905701754386,0.1974780701754385,0.8846657929226737,0.999655388471178,10277.467721,7.927259,-0.0177791871124517,-0.0176034511982269,5767.994819220658,101.6243084756761,91.77631180254744,1.0,17.028479,17.427868,17.573099,12102.0,6841.0,5312.0,0.0952850877192982,0.3968867481203007,0.6000665726817043,0.806296992481203,0.9040687656641604,0.2843878164302244,0.0703023574411662,32629.31874194808,1615363475.5259385,-4.295510923176354e-07,-0.0275298975774655,-0.0354023065581824,-0.046082130074197,-0.0355570989920089,-0.0665773366219296,-0.0815610375037547,18.01509466087984,0.0587529782154414,17.945777438041063,0.0701664074958468,-2.549792238702841e-06,-2.1477549337964146e-06,-2.8373067278526897e-06,2.760493119414836e-07,9.283125259069135e-08,9.691337505245286e-06,8.420645624166458e-06,2.867996261690313e-06,0.0956616353165188,0.0899997998606622,0.025422932330827,0.0194588032581453,0.0035675125313283,0.0068804824561403,0.0371514724310776,2.016150656187331,1.289346345584531,2.07801245739502,2.9032517243772142,4.622508900253648,25.09578357142857,0.0,13857582.99223039,-2.868197322201294e-07,5.358377,1.0253861498302708,27.8134981353954,2.49788601921208,11.164200945099564,7.366603741896621,47189.13729800001,22094.0,133107.0,1.11183061968298,896.0686419084027,879.450059196739,72.88297533318455,1.0,0.0,7.77537,17960.0,0.2068804824561403,0.582295582706767,0.6868068609022556,2.713689673412158,8.754013184248e-33,-0.0235954681284589,-1.6880844075987151e-06,-0.0238132700905466,-0.0347938766063965,-0.0240373679549806,-0.0244214890886886,-0.0828585670057396,4.889749373012884,6.364367700546644,-3.147993530917044e-05,-0.0001245701889043,-8.520893127626802e-05,1.5521504099192505e-06,4.663067935539928e-06,1.0286006293417808e-05,4.611132992606021e-05,0.0005226258946734,0.0059367167919799,0.1175203634085213,0.0799825257464707,0.1252557017492216,0.2801790812253812,1.180884366197268,37.81513128571429
2,0.0,1.0,0.0349230380813232,-8.076085458304616e-08,2.6919514373614195e-08,1.7539941706896172,181376.0,0.4751893032456813,0.2709184050816152,0.2258048739191161,-0.0808484944243916,1.303128268410866,1.8172232732199625,456.0,170.0,77366.0,0.742716787226535,0.7427112738179252,0.8081554340155257,0.3263496824276641,0.9979296066252588,0.9999944865913902,844.819339,0.0026629763585038,2.988281,2.988281,0.522461,0.9349582848930772,-6.43073166008397e-07,1.697512284461956e-05,6.839534112112085e-05,6.556184626604283,6.504189416696956,6.431183825300566,26.69562231676014,1.0,0.0,0.0,1.147461,1.542969,1.723633,1.748047,1.787109,1.99707,2.358398,1.8684493988389408,0.1000518260409315,0.2000926252646436,0.3001279110797459,0.4000474153140437,0.5998809103740297,0.6998224682427664,0.799852240649259,0.8998985532815809,12.879043508423038,3.399871919735725,7692.170175830784,152942385.5321378,3.944956660146486,21.212636779053668,13544.0,181376.0,0.890062802891698,-0.0003245628842699,-2.9456172411161393e-09,2.131031751936609e-08,0.0221028752954721,-0.0225343714608812,-0.0003302510205857,0.0806119105499417,-0.0469981125779984,-0.1422203856071581,-0.0006436939317932,0.1196269302139962,1.705204951964106,1.7542615446783605,0.00464676535753,1.653236175477321,1.7542615236180874,0.0158289792556265,2.085955883160368,1.754260237733678,9.922334934955137e-07,-1.0175724764703484e-06,-1.4748732878243862e-08,1.344232858216268e-07,4.189965022907525e-06,-2.9495956586684322e-08,8.94538941678018e-07,6.377257119049633e-05,-1.470252276967965e-07,2.75876492511131e-05,2.356466524873983e-07,2.3703467563190962e-07,2.344837729859653e-07,8.726937788028611e-09,6.538086122762279e-07,6.617963780383502e-07,6.371684732661945e-07,7.500365260139909e-08,7.250018400270058e-06,7.436253658339357e-06,3.7931363628677193e-06,3.802260607269705e-06,2064.0,0.0931049147505562,0.093111621643956,0.0941845309355245,0.1080788138650184,0.1086022463905464,0.2580164961185603,0.1607489414255469,0.093496383203952,0.0555145112914608,0.0,0.0,0.0309467625264643,0.0373698835568101,0.0677322247706422,0.0799825257464707,0.1252557017492216,0.1812138217044036,0.6765096429793195,2.015514266000719,4.2432631660882825,2.979911,0.0,0.0,3246926.5723690004,58244066.72631119,0.0288034208022053,-4.0036388697450043e-07,0.0,0.8092451903289151,0.0452051046950551,-2.0782792450571868,9.32482953370873,17.9199145911762,86102.0,0.3045165843330981,0.281123191601976,0.8037790697674418,0.9992556898376852,8933.222399,9.319068,-0.021043414337427,-0.0163264657559418,5769.09793012512,133.9023188852928,108.3598075318118,1.0,17.294739,17.403662,17.464176,6368.0,4143.0,3409.0,0.0964901640790402,0.3974726534932957,0.6026982621736062,0.8060713655610444,0.9030797900494,0.1803016097657925,0.0926775596708105,25906.087392121324,849558014.3017304,-6.473345347397969e-07,-0.014312239476976,-0.0428751563764756,-0.0690662658710027,-0.043215565007679,-0.0985879863277676,-0.1318437986650154,18.10497532142418,0.0897758454657518,17.96015448667375,0.0984868147695626,-5.509080276544925e-06,-3.234345853507972e-06,-5.421168285307169e-06,4.184565353547072e-07,1.5672807443322586e-07,1.6108543247913412e-05,1.2370310206210537e-05,3.6769487116856423e-06,0.0946723880622326,0.094298984980422,0.0332679075511644,0.0248875264643613,0.0048628263937896,0.0099406757233592,0.0413891584333098,2.188758062630115,1.0675833676801534,1.6834487104438125,2.318589137464768,3.63274614263892,24.16387728571428,0.0,7757673.405124971,8.076361130254995e-07,0.74412,1.2221593228030971,25.6193288063895,2.6861310377166427,11.870734267757278,6.539971203557279,43992.774707,14042.0,85551.0,1.9302108654814296,705.5062644263735,696.8019134389416,82.3751567045472,1.0,0.0,7.042948,13445.0,0.3232732004234298,0.5426076217360621,0.6611128263937897,1.925352087110152,3.4697348366006435e-06,-0.0108967760612992,-1.0533985173958974e-06,-0.0111062580909229,-0.06571613145449,-0.0112558954208161,-0.0114614562124343,-0.1344564663513086,3.546422192641172,5.94921530629366,-5.5467929543143374e-05,-0.0003775861320376,-5.3443710943648194e-05,2.4654547661399662e-06,7.649985487881156e-06,1.1343671981582905e-05,7.225334282695286e-05,0.0006398899711184,0.006693278052223,0.119172327099506,0.0799825257464707,0.0799825257464707,0.2694326133097232,1.2042800211360547,37.82559457142857
3,0.0,0.0,0.0334739572771763,5.793267091799e-08,2.896650729056658e-08,1.7536369830640188,168576.0,0.4248229075564311,0.2422524796518405,0.1804745027847,-0.108372493793969,1.9758104840197317,1.804360598980861,6508.0,2134.0,69910.0,0.7613064730447988,0.761300541002278,0.7601971810933941,0.7601912490508732,0.9958677685950412,0.9999881359149584,844.819339,0.0028711085801063,3.012695,3.012695,0.507812,0.9306589377752796,1.7664681867889004e-05,9.007257795211602e-05,0.0002226106602698,6.315772061608906,6.266702188829136,6.196705759805856,24.85990774060544,1.0,0.0,0.0,1.254883,1.591797,1.708984,1.743164,1.796875,1.953125,2.260742,1.7684575290809663,0.1000261009870918,0.2000344058466211,0.3000427107061503,0.4000035592255125,0.5999133921791951,0.6998801727410782,0.7998766135155657,0.8998374620349279,5.410969936770419,5.669730978266081,7013.40256586062,126789883.12204516,4.035227577178196,22.10684393410218,9590.0,168576.0,0.7066695725923131,-0.0009165944267487,-8.001658597958478e-09,2.126215730755825e-08,0.0300705615914917,-0.0314593893140072,-0.0009339865576235,0.1067327175045746,-0.0667683410799145,-0.1879880728738094,-0.002058591896201,0.1790726138688839,1.7122967964324107,1.7543114068965422,0.0032335910820826,1.6685297054730304,1.7543112189098802,0.0113251647285121,2.012639329789737,1.7543124732299382,1.2954123457273602e-06,-1.3669672659400598e-06,-4.0008340948539535e-08,2.024175606138507e-07,5.492885878672587e-06,-7.99875882443009e-08,1.3662023602086344e-06,8.54577632097172e-05,-4.006031229473645e-07,4.177286252495178e-05,2.345119131906413e-07,2.365307833884001e-07,2.3329454617027797e-07,1.026969549543736e-08,6.485945079354999e-07,6.614990375460163e-07,6.283860994542134e-07,8.765872990160119e-08,7.585752277755052e-06,7.82715283115287e-06,3.3521867187538785e-06,3.953418238140179e-06,1636.0,0.0944275201466,0.0944811561030297,0.0948069491302609,0.1070706819793157,0.1069555471386924,0.2390197892938496,0.145400294229309,0.085688354214123,0.0506181188306757,0.0,0.0,0.0317304954441913,0.0364286731207289,0.0659999050873196,0.0799825257464707,0.2156169896628778,0.2607041092304532,0.7173980215834336,2.086142531045489,4.442649191167879,2.983398714285714,0.0,0.0,3019303.551725,54213188.0703724,0.0327205031825595,-4.3076375500519066e-07,0.0,0.8966700661240266,0.0500635495826725,-1.6360319267564762,5.778727262754613,17.933068249074264,69890.0,0.3194582858769931,0.3116695140470767,0.8095238095238095,0.9992169703872438,9117.146913,11.545962,-0.026504776192666,-0.0320828077618927,5785.387867964366,126.08215479541752,113.05409407746714,1.0,17.052685,17.161608,17.282635,6870.0,4042.0,3301.0,0.0962473899012908,0.3956850322703113,0.604445472665148,0.8064493166287016,0.903260250569476,0.1875863535756061,0.0965269679007582,24805.73562423261,760526652.8422878,-7.400492614721584e-07,-0.0161174830472536,-0.0410593618148801,-0.0624389728703579,-0.0413396404488575,-0.0922000626055849,-0.1259472707616525,18.12087287267699,0.095006309831834,17.97280520504729,0.1039956842496145,-5.901125024028756e-06,-3.6974218301320666e-06,-5.789466318342639e-06,5.149264552961665e-07,1.9654258167758195e-07,1.9716254927687557e-05,1.534220466159611e-05,4.262280294659199e-06,0.0915260259287944,0.0937167419663188,0.0298085136674259,0.0232951309794988,0.0053329062262718,0.0080319855732725,0.042942055808656,1.989724782548776,1.1760559548979388,1.8712560732820995,2.581592553237924,4.033535662564025,24.214016000000004,1.0,8400050.229265578,-1.303437639033071e-06,0.670878,1.266624972457624,30.69620921018502,2.158204904875325,7.676135089572064,7.058998168121159,42910.76839699999,20910.0,69752.0,2.047871272657355,819.5111987965912,809.1608739671512,76.45605426324104,1.0,0.0,8.727518,12486.0,0.3405348329536826,0.5311432232346242,0.6415563306757783,2.6321061551554097,1.3427418754124062e-09,-0.0147642625572584,-1.6809276120898948e-06,-0.0150185683620791,-0.0567331238413627,-0.0152040646361613,-0.0154163122970588,-0.1296222639364119,3.828158973646144,6.14875190490881,-5.621495394051119e-05,-0.0003677128220419,-8.498792117198368e-05,3.021396297605233e-06,9.273987579327448e-06,1.2398255884534463e-05,8.881618545736073e-05,0.0005880015891904,0.0077769077448747,0.1210729878511769,0.0799825257464707,0.0799825257464707,0.2008143345862542,0.922060838386007,37.82559457142857
4,0.0,1.0,0.0363911963883166,-1.6349090884739342e-08,4.0874854137962324e-09,1.7535992588848028,1194624.0,0.4524585334121667,0.2580170646855237,0.2047187244574887,-0.0663063106571943,0.1712552823866207,1.8110298410624883,580.0,112.0,582193.0,0.2735262308475302,0.273525393764063,0.974386920068574,0.1718197524911604,0.9979296066252588,0.9999991629165328,844.819339,0.0004043113146898,2.988281,2.988281,0.522461,0.947544318306597,1.4822842499773089e-06,1.1473516910615796e-05,3.2500730628936045e-05,6.4510093044465,6.416974104182798,6.367493669726682,54.0917199485612,1.0,0.0,0.0,1.162109,1.396484,1.557617,1.68457,1.958008,2.119141,2.338867,2.0142946719384827,0.1000155697524911,0.2000210945033751,0.3000215967534554,0.4000204248366013,0.6000105472516876,0.7000077011678989,0.7999998325833065,0.8999852673309761,13.461469437582508,2.132197233707112,44387.98480925395,5039193584.928455,4.608879868774454,28.559275238686727,65912.0,1194624.0,0.9040186355336324,0.0001103273513654,1.4475093016920628e-10,1.200391507340911e-09,0.0312585733253236,-0.0308737583632157,0.0001115672319302,0.1594867385030523,-0.066079696527053,-0.2975422131536063,0.0002026545309524,0.2654234063954168,1.706759958518645,1.7535128051540143,0.0020507212258999,1.6559390010872788,1.7535128423723851,0.0073650073948737,2.0986344509130683,1.753513456684509,2.0191833934603854e-07,-2.0149391249149618e-07,7.236619591012392e-10,2.1136143206355623e-08,8.367321130456718e-07,1.446397306605438e-09,1.451435506930119e-07,1.4488987008503697e-05,7.152373737923178e-09,6.24711682156124e-06,1.3208860565230516e-08,1.3345546669270613e-08,1.3269974955221889e-08,2.676562347787136e-10,3.618692784219963e-08,3.693668234588775e-08,3.6442709119061334e-08,2.14734285438683e-09,2.9460126691674285e-07,3.100777700997936e-07,2.2833721970146694e-07,1.4681137943923865e-07,11234.0,0.0944715126097415,0.0963997465607012,0.1002110661666402,0.1014489300400324,0.1012302110143719,0.3101770933783349,0.1440469972141862,0.0564663023679417,0.0194236847744562,0.0,0.0,0.0202540715739847,0.0353625910746812,0.0582174809814636,0.0799825257464707,0.1360021696648796,0.1360021696648796,0.4350393701390004,1.634025011978563,3.281445819191613,2.979911,0.0,0.0,21344447.913911995,381498314.132842,0.0295083867579981,-1.8235711182523694e-07,0.0,0.3364880556153323,0.0188328463014219,-0.4121714065343733,25.2966294966344,17.870252699688294,847933.0,0.0553261946855244,0.1705189247830279,0.961764705882353,0.999978235829851,11737.814103,13.760754,-0.0057901077708065,-0.0039571303742292,5709.043682944245,522.6135763696183,175.85322615078798,0.0,17.645716,17.694126,17.718332,50241.0,35695.0,28646.0,0.0968631134147648,0.3963096338262081,0.5973611780777885,0.7992673845494482,0.9002631790421086,0.1537006627404224,0.0381473303066463,191882.3890402201,38465351268.8849,-4.172149960742308e-07,-0.3577343155759686,-0.451460966875471,-0.1465822609116848,-0.4570857176332222,-0.2249943838850137,-0.3486225061105699,18.30948579594956,0.0453005007781327,18.1162523943022,0.0492165505721491,-2.66678843129922e-06,-2.086060913200019e-06,-5.21562515088979e-07,8.429929107933485e-09,3.0325661892436267e-09,2.652078746487247e-07,2.5913254253704184e-07,4.805737428382191e-08,0.0987099687131423,0.0982524714952046,0.0116614097824922,0.008867225168756,0.0021111245044465,0.0120992044358727,0.0468892304189435,2.5395145361610862,1.205085022337749,1.9252448951012389,2.6732033973187868,4.256130009228246,22.951879,0.0,19381271.06177511,0.0,3.966776,0.5322548240758399,3.581489346609747,3.349260897325863,43.36120473221652,4.027870601251511,282890.16612799995,15597.0,783924.0,0.3537665891659591,102.11693966301154,101.46384961417544,340.9627681418462,0.0,0.0,4.552713,80230.0,0.1818429899282117,0.6223882995821279,0.7917252625093754,3.158533989160536,0.0,0.207258899704599,1.1373769107042012e-06,0.2153291529780051,-0.0669334020702538,0.2204203271642678,0.2251157229682755,-0.4056510673474143,2.230594910688969,5.360525057673596,-4.461508937214631e-06,-3.574906358316113e-05,5.684837517851205e-05,5.4073413017503466e-08,1.5023376914137885e-07,9.477085602649617e-08,1.5623332406119014e-06,0.0596808244968066,0.0014808006535947,0.1000515643415836,0.0453947781468581,0.155664698712122,0.4317446210073301,1.3486623984567037,35.377213142857144
5,0.0,0.0,0.0455901666478522,-1.1404270227135565e-07,0.0,1.7537602288786118,256896.0,0.4997796381285354,0.2849760360047075,0.2497796866878897,-0.0520270906628839,0.6015286409165155,1.823582909298136,2773.0,3069.0,116479.0,0.1970213627304434,0.1970174701046337,0.1971926382660688,0.1971887456402591,0.9958677685950412,0.9999922147483806,844.819339,0.0018840308918784,2.988281,2.988281,0.517578,0.9437754623617276,-1.7291290763740048e-05,-4.604743322623276e-05,-7.353587624167088e-05,6.674531177331311,6.601816572424957,6.499503617865622,37.48464030173115,1.0,1.0,0.0,1.098633,1.425781,1.640625,1.743164,1.865234,2.099609,2.407227,2.009808943210869,0.1000249128051818,0.2000264698555057,0.3000085637767812,0.3999244830592924,0.5998224962630793,0.6997189524165421,0.7996660127055306,0.9001307922272048,7.04648931958254,7.355494848788519,11181.937774059084,291327089.1956995,3.970062577041502,21.77076155015421,20251.0,256896.0,0.5380066904985951,-0.001215022052994,-8.188342495980907e-09,1.3296414279392157e-08,0.0169284848508021,-0.0190324378492906,-0.0012399104160029,0.0552806757929309,-0.041435580366486,-0.170864638570412,-0.0029502895738074,0.1610493924622561,1.6815728302348558,1.7548119776769897,0.0076137628057845,1.6052005015201916,1.7548119754148557,0.0257704419529879,2.179400411316889,1.7548136632741498,5.600657157908069e-07,-6.366814334738403e-07,-4.0941307742756254e-08,8.978346325231506e-08,2.509064029031822e-06,-8.188403309771391e-08,6.096605425911248e-07,4.8471234356432376e-05,-4.101410638183013e-07,2.62534416753412e-05,1.4593856256307462e-07,1.475572305937839e-07,1.45674142839409e-07,7.154343780656162e-09,3.991177725348797e-07,4.076905376254501e-07,3.911679869392119e-07,5.6563057308555544e-08,4.150576155522904e-06,4.264071144888138e-06,1.9397877457109816e-06,2.244957847273981e-06,3724.0,0.0924552588015775,0.0931442155331423,0.0995041959353934,0.1036407664682155,0.1036754328351176,0.286392158694569,0.1580367152466367,0.0809082274539113,0.0,0.0,0.0,0.03125,0.044064524165421,0.0744347907324364,0.0799825257464707,0.1900678666705961,0.2156169896628778,0.7468202665727272,1.884837764907224,3.8759242661793234,2.979911,0.0,0.0,4509008.382764,79295685.66450447,0.0175487894548354,-4.7110687245763085e-07,0.0,0.774504094571097,0.0441265544414381,-2.3806171424463898,13.668491083585764,17.568962195099243,153023.0,0.1919298081714001,0.1961610924265072,0.834061135371179,0.999556240657698,8631.575056000001,8.350853,-0.0124011041073692,-0.011461421928806,5436.483968560592,135.737870117003,105.12953619397832,0.0,16.919556,17.234224,17.294739,12336.0,7294.0,5410.0,0.0955912120079721,0.3980677005480817,0.6008851831091181,0.8060499190333832,0.9037392563527652,0.2261608169543404,0.0632016577121862,35555.61760106522,1699904510.4761944,-1.1018429191760078e-07,0.0082686893991738,-0.0107177953119716,-0.0619073527598153,-0.0107921779431729,-0.09018477487346,-0.1111320944557255,17.662843227792024,0.0813971959419406,17.566010844948323,0.0918776131929063,-1.5998781267425338e-06,-5.496467652289612e-07,-4.061922598151173e-06,2.401797227078932e-07,1.05627747732919e-07,9.375552528368094e-06,7.078275236250818e-06,2.8265254655802717e-06,0.0968526617480334,0.0922979967736526,0.0261740159441953,0.0216741405082212,0.0035345042351768,0.0054613540109616,0.0358121574489287,1.8436731073694104,1.228574332313775,1.980636621122954,2.774490728582724,4.444865431025029,24.834711714285717,0.0,12161175.066827498,2.85104809357909e-07,5.43162,0.9746637232116736,23.062161655660024,2.7802540668822324,14.104989814922972,6.8803273135078005,47553.29708000001,11683.0,142764.0,1.6156141120389962,727.7726227002175,710.5403035953835,90.09986823950132,1.0,0.0,6.896463,17915.0,0.2097580343796711,0.565111951918286,0.688002148729447,2.325096504421482,7.723618923698601e-193,-0.0583943596046176,-3.7814136443031593e-06,-0.0592833171124441,-0.089109599013553,-0.0601093290021819,-0.0605408339085145,-0.1125356701118766,4.822771943307309,6.634842444890207,-4.546745489176341e-05,-0.0003150311424043,-0.0001891415717804,1.3826135263711635e-06,4.298283028125479e-06,1.003782905535902e-05,4.0780254507722446e-05,0.0005968818239598,0.0057143746885899,0.1131158134030891,0.0453947781468581,0.0907289936621287,0.1812138217044036,0.8343167342264695,37.85698442857142
6,1.0,1.0,0.0287241403414622,0.0,-1.6241556563815297e-08,1.7532002582848425,450944.0,0.3162651832437268,0.1803930736087897,0.1000236661321881,-0.0575354331866255,1.9587804314570985,1.7814979123709986,2302.0,293.0,201757.0,0.932293145046835,0.5585593776610843,0.9323729775759296,0.2409523133692875,1.0,1.0,844.819339,0.0010688688617655,2.978516,2.978516,0.522461,0.9300815355741636,-9.04639346789815e-07,-5.2847301195657164e-06,-1.924968887782904e-05,5.903605719434705,5.877875260474891,5.840918731036952,29.114264790330868,0.0,0.0,0.0,1.376953,1.542969,1.650391,1.728516,1.860352,1.967773,2.128906,1.6631481543002258,0.1000190711041725,0.2000048786545557,0.2999951213454442,0.3999809288958274,0.5999503264263412,0.6999228285552086,0.7998997658245813,0.8998567449616803,4.727551405104248,2.9881349535486628,17833.976148188634,879207519.3940394,4.301981717882229,24.270062499451424,8002.0,450944.0,0.5795486952162394,-0.0008250573234261,-2.004488264775292e-09,3.617919532442101e-09,0.0508085631752698,-0.051878646983881,-0.0008397714331673,0.1585663497584534,-0.1083354538970633,-0.3376245170564099,-0.0017165916840936,0.3282353661596135,1.72565033761522,1.753652230184736,0.0003682486175672,1.6949722430023575,1.7536523303877167,0.0014343548285267,1.9400332513369531,1.753651928196737,6.073469153514526e-07,-6.252424346218747e-07,-1.0023136727298684e-08,6.857092710189752e-08,2.4958163307198425e-06,-2.0053251795612192e-08,4.640540081169532e-07,3.805791930182872e-05,-1.001741673065737e-07,1.408113270747959e-05,3.975270204300014e-08,4.00776840774267e-08,3.974389567863721e-08,1.4217636794591934e-09,1.0883158648092878e-07,1.1039699643827053e-07,1.073882965795189e-07,1.0364732924561618e-08,1.0757611229574794e-06,1.1177367568271675e-06,6.145497722728781e-07,4.267438506292818e-07,1698.0,0.0971945030554863,0.0980987937250138,0.0986904168416314,0.0991422214457488,0.1003230380406942,0.2582848424638092,0.125503388447346,0.0603666974169741,0.0291610488220266,0.0143121984104456,0.0,0.0276708416122622,0.0332169848140789,0.0583243152143059,0.110453046672598,0.2156169896628777,0.2607041092304532,0.7348347702537843,1.6572174222582468,3.330120274996987,2.9785159999999995,0.0,0.0,8018201.179319001,142712562.09481767,0.0958655125348436,-2.683820349800375e-07,0.0,0.5602314983304605,0.0315074450158143,-0.2332275940101637,10.320002161581556,17.789747957108712,232222.0,0.1259402497871132,0.1300449723247232,0.9343575418994412,0.9998957741981266,12170.702967,11.461244,-0.0441853911757684,-0.0393099108394155,5634.20104332243,450.4498690406851,252.35620505542315,0.0,17.25843,17.367353,17.43997,29525.0,25289.0,20597.0,0.0968457280726653,0.3932550383196139,0.5950805421515754,0.799540519443656,0.9022073694294636,0.181870269910822,0.0761335333215125,84858.12590168811,5422694758.241298,-1.6265302122638996e-06,-0.2795529780724199,-0.424499816964293,-0.1329777181164495,-0.4423760287504626,-0.2158536876233456,-0.3540539349466328,18.717292726728004,0.1742016721338987,18.14759881902132,0.1877897046127416,-1.1563177381549576e-05,-8.132529431443059e-06,-3.9649688829252985e-06,6.224233315127467e-08,3.8240142425192735e-08,2.262473438966088e-06,1.7005353149587344e-06,5.892340298303924e-07,0.094866377287715,0.0957556067256651,0.0246017243826284,0.0188737404200965,0.005810034061879,0.0081340476866307,0.05543925631564,1.8968843162523232,1.4312133256923785,2.195149798906062,2.9123949454950964,4.289105056683876,23.620984714285715,0.0,10970405.68172026,-1.6241964061976785e-07,3.673807,0.9210965519463884,11.166318149801548,1.7037156278358916,7.838197464932979,4.932306286010416,259090.7957860001,16782.0,226785.0,3.1652130403033096,200.90885102180803,191.1899574683876,272.206660171059,1.0,0.0,6.237284,33008.0,0.2254049283281294,0.6638629186772637,0.7918566385183082,1.6338185480565584,0.0,0.2872283511215937,7.373103223620814e-06,0.3102079697491916,-0.030419179998946,0.3347832208511557,0.3418319700613026,-0.4208142115953057,-0.1336884277718568,6.744795980326309,-3.735355511488714e-05,-8.254289682484641e-05,0.0003686131891496,3.687946751997618e-07,1.173915882067899e-06,1.4404141747539525e-06,1.0821929137801606e-05,0.0058711298530588,0.0036722963383479,0.1305150972182798,0.0453947781468581,0.0453947781468581,0.1812138217044036,0.6260612244700569,32.719567999999995
7,0.0,1.0,0.0395229026691925,-1.3733423905017589e-08,6.866721609815371e-09,1.753610835071163,711040.0,0.4694214073400804,0.267688473378434,0.2203564576691417,-0.0664901437732115,0.1343309542253199,1.815353248970603,6868.0,92.0,342627.0,0.9465543429342934,0.9465529365436544,0.9566367574257426,0.1368333708370837,0.9958677685950412,0.999997187218722,844.819339,0.0006806930693069,3.022461,3.022461,0.522461,0.9472490573902514,-6.989349168928777e-07,8.673937836662416e-06,4.21705685357082e-05,6.529917314198788,6.488362895779896,6.427977922920332,46.116091342520335,1.0,0.0,0.0,1.137695,1.376953,1.557617,1.699219,1.958008,2.133789,2.363281,2.0265934860265222,0.1000056255625562,0.2000126575157515,0.300001406390639,0.3999929680468047,0.5999732785778578,0.6999634338433843,0.7999592146714671,0.8999367124212421,12.364990355272749,3.3165412379434014,26489.511245080863,1746416129.682098,4.627413719234645,28.879375913106124,44162.0,711040.0,0.8156260593830165,-0.0002765250155531,-6.324029784281907e-10,2.712145963984479e-09,0.0212104261072606,-0.0215050107719636,-0.0002800979379577,0.1027287092299874,-0.0451921306086024,-0.1768140178293004,-0.0005471270382484,0.1499277122555755,1.6939055803873833,1.7538356652482527,0.0035927615278476,1.628141449413932,1.753835662941058,0.0128256744321486,2.1918870744898835,1.7538356485745394,2.386213061233163e-07,-2.443639414330276e-07,-3.162012799505166e-09,2.8035055627960052e-08,9.930038005781204e-07,-6.324005172614197e-09,1.904395520412667e-07,1.5283999056874724e-05,-3.1622376404009666e-08,6.448606831223487e-06,2.982655894305267e-08,3.012576266295644e-08,2.9936066478648325e-08,7.198580363174672e-10,8.15561357443503e-08,8.31983190339545e-08,8.186432000188428e-08,5.9202971107739884e-09,6.981478703722688e-07,7.347911849695101e-07,4.846985652445716e-07,3.5662571638966185e-07,7644.0,0.0937378531550231,0.099834542228128,0.1001344578783295,0.1016639831362451,0.1018857566235544,0.3122046579657966,0.1452140526552655,0.0569897614761476,0.0206851935193519,0.0,0.0,0.0214755850585058,0.0389176417641764,0.0620415166516651,0.0453947781468581,0.1360021696648796,0.1812138217044036,0.5642605228582805,1.661629195362954,3.337097291850829,2.986188857142857,0.0,0.0,12567724.014964998,222232425.54564148,0.0207670724840691,-2.3829635223946867e-07,8.511500088603408e-09,0.367971954743039,0.0208186286068137,-1.5009666375429644,26.59838701418716,17.67895932977558,473381.0,0.0951831120612061,0.0760885463546354,0.8674521354933726,0.9998734248424842,10267.446692,11.376525,-0.0061362067828492,-0.006882918043669,5528.374432492814,333.96601678668776,122.89012801474392,0.0,17.452072,17.500484,17.536793,28751.0,18991.0,14757.0,0.0965740324032403,0.3977314918991899,0.5989705220522052,0.8005555243024303,0.9015245274527453,0.1969829163188248,0.0450768056187205,105296.15369037332,13363217797.837631,-3.4594780942002134e-07,-0.1381026895614718,-0.2003427896477774,-0.1030020339014498,-0.2026213593284669,-0.1548009008563971,-0.2199341306754036,17.926350674493914,0.0416093555925714,17.798093888617586,0.0459651947047053,-2.3225747348513524e-06,-1.7297390261337751e-06,-8.163572884243925e-07,2.325834885132308e-08,8.269400780854996e-09,8.50351996594931e-07,6.944787800619979e-07,1.6309940221937253e-07,0.0987766531027862,0.0987375077047569,0.0135027565256525,0.0107687331233123,0.0023514851485148,0.002818406840684,0.0418260576057605,2.3290872260722373,1.182650841015101,1.9034409482295973,2.664109109727511,4.279660203192582,23.58813442857143,0.0,15150508.35110312,4.1202943861025917e-07,4.332987,0.5608502844525203,5.0985765807498495,3.582014908551685,37.97994279936829,4.61600835376745,139673.57831699998,12573.0,458436.0,0.450910811703418,162.17860500495266,160.57063941635704,208.1909902365749,0.0,0.0,5.065409,47381.0,0.1386180805580558,0.5913464783978398,0.7682408865886589,3.177735222105257,1.281528251967504e-75,0.0218198382214973,2.4003390459093697e-07,0.0223784417033028,-0.1081102441802205,0.0228276580344649,0.0231656802795936,-0.2260903242657073,3.354274079788521,5.657508009144367,-7.592936354862002e-06,-7.317777854962064e-05,1.1980421187066502e-05,1.4278970448809856e-07,4.273045790900069e-07,4.404143667523738e-07,4.16578219346875e-06,0.0303534078591371,0.002355704320432,0.1043499662466246,0.0453947781468581,0.155664698712122,0.352599373823339,1.2831109217094332,35.83759228571429
8,1.0,1.0,0.035735447009619,0.0,3.135514858860074e-08,1.7535226071917809,233600.0,0.4285619343770442,0.2444005755154618,0.1836653315969939,-0.0598840652287884,1.0871198653184218,1.8051334758210136,8849.0,338.0,100180.0,0.8789469178082192,0.2948287671232876,0.8791053082191781,0.2917808219178082,1.0,1.0,844.819339,0.0020633561643835,2.978516,2.978516,0.522461,0.9395652258559678,1.0159927187199632e-05,2.3748575775218218e-05,6.05322794663744e-05,6.337422415961544,6.294282376813688,6.232103512798374,27.18989117278792,1.0,0.0,0.0,1.210938,1.484375,1.679688,1.738281,1.835938,2.036133,2.299805,1.9085970619344808,0.1000042808219178,0.2000042808219178,0.3000085616438356,0.3999828767123288,0.5998972602739726,0.6999015410958904,0.7998202054794521,0.8995248287671233,7.169823107601179,4.573689141926391,9157.387247674656,223001276.9750436,4.294722353510143,24.68042330072625,12271.0,233600.0,0.6822420617733622,-0.000847070506591,-5.3833292049202605e-09,1.3149119198375856e-08,0.0186940048956633,-0.0201839323625329,-0.0008607688329906,0.0660857463082698,-0.0443416300733633,-0.1864720622745025,-0.0018297645945533,0.1702075406674027,1.6993313828388072,1.7541513674776894,0.0042036350590274,1.6418905427358952,1.754151351549361,0.0145553142665718,2.083039394942511,1.7541515710245372,5.851328372509041e-07,-6.376303170092206e-07,-2.6916684257301664e-08,6.828344650919296e-08,2.681959520566165e-06,-5.383315703410815e-08,4.936961038072452e-07,5.484962930965306e-05,-2.693058585983439e-07,2.371235905572082e-05,1.447885100593951e-07,1.461277081058174e-07,1.4467475131712544e-07,4.7699638059430014e-09,3.9922487507728164e-07,4.064000262937267e-07,3.921491108531028e-07,4.2117717011225926e-08,4.270568675465492e-06,4.368346414968444e-06,2.153730776916367e-06,2.008878698600784e-06,2272.0,0.094373316527787,0.0944015792649354,0.0980133298639393,0.1030737774969973,0.1033322608702751,0.2767208904109589,0.1496147260273972,0.0721618150684931,0.0334160958904109,0.0,0.0,0.0332491438356164,0.0397645547945205,0.0722217465753424,0.0799825257464707,0.1812138217044036,0.2263634575785358,0.6765096429793195,1.9459338991482305,4.06998651228891,2.9785159999999995,0.0,0.0,4137054.442379,73368101.75201036,0.0246666925843004,-4.14475233198781e-07,0.0,0.6572018144347316,0.0371090944028454,-1.982083524945903,11.67101377931051,17.7221832190052,135512.0,0.2232448630136986,0.2272902397260274,0.7704402515723271,0.999375,7916.451553999999,10.72298,-0.0209702221730282,-0.0203122285638384,5575.421989917454,173.40784625673143,113.96395119714272,0.0,17.294739,17.379457,17.427868,9355.0,6354.0,4905.0,0.0964597602739726,0.3996018835616438,0.6030094178082192,0.8053082191780822,0.9030179794520548,0.2427258031758941,0.06944584159692,34221.598658601644,1450892233.318602,3.1626509587920697e-07,0.0635725691224846,0.0334916172769752,-0.0820157877729844,0.0339301574659875,-0.1219158312515366,-0.1568008830670436,17.8198725867925,0.0964682627764815,17.67306153280712,0.1063761941730096,-3.117430597049078e-07,1.5813251361872465e-06,-5.106640348114088e-06,2.3588585494761485e-07,1.0335767537009709e-07,9.370703811185918e-06,6.777497421996959e-06,2.569550840557083e-06,0.0969350417798871,0.0973483535852171,0.0331934931506849,0.0232063356164383,0.0041609589041095,0.0060145547945205,0.0402525684931506,1.6604247614104224,1.1076504141289716,1.7602397380502472,2.443863083179717,3.880143068631293,24.31602542857143,1.0,7965338.889358429,0.0,4.625956,1.027210850907611,17.506709570137133,2.8250993230852224,14.498358173904371,5.839366172825246,52586.866656,13951.0,129057.0,1.9211696904127509,451.95574964848566,438.86036355318697,112.63548900323347,1.0,0.0,6.090799,16627.0,0.2454623287671233,0.5219477739726027,0.6736130136986301,2.1384724128031354,0.0,-0.0960113441711528,-5.9572057223931805e-06,-0.098378110254176,-0.1533191812431352,-0.1006668070743319,-0.101614924069716,-0.1675616682432064,3.978397397448683,6.411677226522353,-5.687011724037621e-05,-0.0005433850000689,-0.0002978600185439,1.3640566432640326e-06,4.4376940052932174e-06,8.703454104464444e-06,3.923468635225414e-05,0.0008261008455514,0.0060958904109589,0.118347602739726,0.0799825257464707,0.0907289936621287,0.2008143345862542,0.8452826223007703,37.804668
9,1.0,0.0,0.0275261611307396,-2.5013703916844112e-08,-8.338484762584522e-09,1.7533020330806008,585600.0,0.3189793715472357,0.1819306460204007,0.1017478394726694,-0.0568420982888973,0.917959283923035,1.7820818888808785,3127.0,92.0,277131.0,0.7601758879781421,0.4511168032786885,0.6888609972677595,0.6888592896174863,0.9938271604938272,0.9999948770491804,847.8173859999999,0.0008299180327868,2.998047,2.998047,0.507812,0.935771171579278,-4.115869761435718e-07,-6.8030813085769e-07,-1.0567416842127984e-06,5.915864975811301,5.896052351662269,5.866058662278304,29.193037363689733,0.0,0.0,0.0,1.352539,1.513672,1.625977,1.713867,1.884766,1.99707,2.148438,1.687769940972875,0.0999931693989071,0.1999778005464481,0.2999726775956284,0.3999658469945355,0.5999726775956284,0.6999931693989071,0.7999914617486339,0.8999709699453552,3.0717499993013875,3.117111069071806,24270.69564299779,1969590515.2710457,3.998666660295402,19.778224470674303,8994.0,585600.0,0.7634958773939089,-0.0003931994121019,-7.419335545660335e-10,2.465768652512556e-09,0.0077035534078368,-0.0084370291642425,-0.0003983934152649,0.0545953371747751,-0.0167369594948988,-0.070231246806031,-0.0009301389487351,0.0678633183561798,1.704482798720203,1.7535192693797048,0.002192192739416,1.6491492296296686,1.7535192672746038,0.0080516200455217,2.103210237685717,1.7535189674308074,7.16067318139668e-08,-7.896314210562873e-08,-3.7096679292636572e-09,7.5744052768098e-09,2.8771253757378374e-07,-7.419327311008278e-09,5.1462028751439214e-08,5.026871019879703e-06,-3.7047963488376976e-08,2.1089808544746924e-06,2.716051773207099e-08,2.7346867699898603e-08,2.7208902577228364e-08,4.04792964811273e-10,7.432966111839009e-08,7.52747791793381e-08,7.422273981277857e-08,3.896531132099375e-09,6.924971201362462e-07,7.224834519139633e-07,3.6807631651978693e-07,2.8652118027910333e-07,1956.0,0.0973714353683897,0.0988517343868419,0.1002553394420665,0.1013091291108719,0.100918496456796,0.284588456284153,0.1353312841530054,0.056951844262295,0.0221892076502732,0.008003756830601,0.0,0.0241530054644808,0.0313012295081967,0.0542400956284153,0.0799825257464707,0.1597208858730875,0.2156169896628778,0.5579962142726832,1.649713270876104,3.3088561139124977,2.9910715714285714,0.0,0.0,10526700.085443,189356012.35397077,0.1816466561401232,-1.8600270833795958e-07,0.0,0.4691103518130434,0.026096594354541,2.427778958297518,20.839151574979542,17.982042326523292,243709.0,0.0863627049180327,0.0864805327868852,0.8493975903614458,0.9998292349726776,10846.41498,11.388627,-0.0937830676246994,-0.0840721824685485,5812.444777336651,867.0205580539533,406.7283190178295,0.0,17.427868,17.560997,17.718332,56360.0,49854.0,39583.0,0.0980993852459016,0.3976963797814207,0.5991871584699453,0.8010536202185793,0.9011953551912568,0.0962730297490336,0.1114691151864141,123722.27284502715,8653671486.651478,-3.382675908225773e-07,-0.1355889121649941,-0.1916387319145123,-0.0095313799964081,-0.2594251013180468,-0.011655777255964,-0.0218757469978064,18.6295514597736,0.1779542730809549,18.07495856601085,0.1920279089727807,-1.5925837008819758e-06,-1.691337959908278e-06,-2.2119502597167626e-07,3.558557199912268e-08,3.6704424296638044e-08,1.3175949901934538e-06,4.875719148227069e-07,5.088070063441048e-07,0.0985308366475991,0.098454218572284,0.0190539617486338,0.0129627732240437,0.0075017076502732,0.0108777322404371,0.062988387978142,1.8387855346758883,1.5042086453470296,2.249720544856957,2.8046632134980114,3.762518992471148,24.092989857142857,1.0,8583281.26842615,-1.2507193489059918e-07,0.74412,1.0483885232787538,7.674672237142971,0.9856497102600604,-0.1790920676800032,3.8284778441551386,585842.6487800002,8.0,222261.0,6.668901289839121,34.937480552861274,13.457420508645354,528.83317338334,1.0,0.0,5.724588,44925.0,0.1681318306010929,0.5980088797814208,0.755776980874317,0.5899916178757507,6.723666711790804e-234,0.0426537577147718,6.989993489245492e-07,0.0561031794070087,0.0295211655894027,0.0928867621126419,0.1134288720639967,-0.0034664017339111,0.3993950460747418,7.136940616445959,-2.197916266269592e-06,1.626205352600593e-05,3.494997367009074e-05,1.1065511204385725e-07,6.827020035833411e-07,1.0719243098806833e-06,1.782591100391415e-07,0.0220401898081865,0.0207411202185792,0.1575324453551912,0.0453947781468581,0.0453947781468581,0.1360021696648796,0.5121384036513721,20.96942642857143
